116.68,156.06,108.2,39.229,48.825,43.111,48.814,67.879,91.706,42.306,55.825,16.836,4.2313,5.6042,4.3746,6.8578,31.735,24.649,48.147,65.625,79.782,63.943,37.23,39.692,33.671,36.667,30.351,40.442,43.682,62.103,79.913,48.562,52.937,50.404,125.25,65,40,45.286,5.7893,62.697,85.689,363.08,154.41,64.526,113.79,14.809,10.323,3.8316,7.6156,71.863,193.03,102.56,19.747,6.6949,7.457,33.78,160.3,56.332,12.593,7.1175,6.1231,21.391,3.1626,10.244,49.581,36.576,75.513,43.714,43.049,69.202,69.198,25.521,27.548,23.281,31.724,78.449,106.91,214.62,42.538,27.155,74.496,24.746,8.2677,115.56,40.573,27.298,36.387,65.555,26.41,21.666,27.853,18.923,8.2038,2.7246,19.216,81.386,73.983,95.421,40.22,12.509,5.8386,8.3168,7.2448,27.043,35.183,34.564,27.912,32.27,21.53,42.077,71.321,51.836,95.185
158.69,94.603,81.803,50.02,33.736,48.31,30.672,48.119,59.64,52.799,101.85,19.487,3.2122,2.091,1.0524,11,32.266,19.757,33.01,58.642,63.439,50.802,36.355,45.763,45.917,31.006,58.737,37.525,34.382,46.647,37.768,45.555,41.151,60.921,37.04,72.014,45.065,54.294,46.177,49.589,44.747,65.289,134.9,93.231,45.769,24.939,1.1844,7.4512,12.03,9.8539,4.6912,1.5012,11.291,17.017,24.254,36.077,4.7583,6.1142,5.9142,7.9754,2.3515,2.8387,14.929,4.1901,3.0185,0.75564,1.7335,13.897,2.5009,5.1341,10.265,10.102,51.2,52.569,49.692,144.81,75.969,23.375,84.242,69.045,71.09,11.142,2.0304,10.004,3.2566,1.2554,1.6708,1.481,19.323,3.7923,3.5385,2.4542,8.1682,2.0389,6.4507,0.97006,2.7091,1.2099,6.8916,1.2912,9.0928,1.6713,1.59,134.19,11.24,3.739,3.9984,1.3874,0.76391,1.426,4.5105,6.0498,244.39
238.05,79.812,53.596,69.33,56.15,34.719,29.356,48.374,36.204,39.823,31.273,29.296,33.471,42.881,23.747,26.173,32.885,48.265,53.846,41.861,36.315,35.708,32.157,40.572,63.514,43.558,28.264,23.094,35.172,48.684,42.774,43.762,41.406,42.951,41.914,73.385,33.096,80.792,75.483,42.999,44.447,2.1216,1.6449,6.4551,2.9128,27.474,2.4991,1.9488,12.369,10.672,13.329,3.4205,2.6654,7.7648,42.331,29.506,170.33,19.285,15.235,38.233,16.392,6.8589,6.6516,2.2405,7.5097,90.555,67.152,30.782,29,62.478,41.633,37.536,19.747,18.643,36.339,7.2225,72.088,3.5767,3.8717,5.1551,9.3099,9.9228,3.5997,52.944,34.148,40.721,36.746,37.596,26.762,12.707,8.2413,8.2826,5.2744,7.2322,1.8232,12.707,4.1299,3.0294,2.5754,2.119,2.3531,3.2278,3.3681,167.44,10.439,1.608,2.2145,3.031,2.038,6.2656,2.6448,4.3943,268.85
198.97,76.978,146.08,81.03,60.053,66.631,62.124,65.017,41.606,51.735,44.22,39.403,41.177,43.566,36.612,47.29,36.488,34.605,64.64,77.604,95.16,146.23,153.09,118.97,136.94,84.437,66.507,55.198,93.21,67.715,69.68,43.978,51.98,66.22,47.469,41.989,48.906,75.839,55.061,43.901,64.372,89.046,59.149,61.142,204.02,92.087,18.105,12.129,25.542,3.491,12.349,8.348,56.336,458.49,47.025,191.62,23.517,9.2815,16.783,14.145,24.611,13.449,27.52,21.769,24.896,9.2315,74.342,49.134,22.11,26.287,46.034,37.757,16.118,37.713,13.611,5.9962,47.701,82.816,221.62,60.205,35.027,59.785,51.808,71.747,41.248,39.77,34.543,37.659,43.627,57.668,133.54,6.4329,12.88,86.64,10.786,9.9004,10.69,5.8681,4.8336,48.075,24.012,44.801,37.73,276.59,25.287,12.102,37.106,7.3464,18.818,1.5549,45.276,5.5201,276.8
238.35,47.538,34.028,41.271,45.853,30.177,30.509,30.994,25.394,28.679,25.786,47.91,127.52,21.627,8.088,5.1954,5.805,1.9483,2.3788,10.111,23.584,23.976,33.55,24.107,31.829,27.852,29.516,31.828,30.4,32.878,31.585,44.09,35.239,30.054,24.678,31.291,31.534,41.731,25.115,64.072,47.024,8.2444,10.477,4.2536,5.6301,3.647,51.372,16.815,6.4058,3.2676,8.6285,6.0237,5.9626,3.1454,5.7485,9.0663,24.607,10.529,8.5858,4.5707,8.8525,3.4829,11.655,4.6704,6.085,4.2517,5.1452,8.4186,16.682,22.365,20.554,19.71,33.895,16.817,19.542,50.471,131.63,217.35,184.8,28.532,20.813,9.1569,11.636,6.08,5.3393,10.184,4.5565,11.743,15.86,7.183,6.1676,5.4383,4.919,6.2956,9.6417,2.3452,7.5404,5.3643,3.1059,4.3215,11.057,7.0629,3.8516,5.9203,9.2888,7.7296,4.8835,4.618,5.7927,3.914,5.1014,5.8979,212.89
192.75,60.578,43.614,51.879,29.075,30.635,30.541,17.748,33.788,6.7991,6.4307,11.544,4.2149,2.5076,34.293,25.568,46.329,32.235,29.324,19.256,19.859,2.527,32.124,13.928,20.233,19.877,25.124,25.615,38.004,41.956,51.183,19.287,24.837,41.497,36.375,63.644,72.285,31.288,24.468,108.82,57.324,30.712,40.873,27.468,5.1427,26.99,16.53,7.9089,8.9934,10.918,5.4692,5.8884,3.8432,1.6454,13.166,18.07,2.8624,20.431,7.6856,13.193,46.13,5.956,6.3951,11.067,18.287,22.683,4.028,6.2143,15.226,6.2258,3.0044,20.449,26.13,13.121,7.6402,14.979,111.14,20.941,57.946,54.383,174.67,109.83,145.46,124.79,171.74,21.661,27.591,18.094,20.968,39.276,37.871,3.08,10.155,2.2953,4.9169,10.327,8.4498,6.539,4.1333,3.7562,12.771,16.871,6.0778,106.98,12.258,6.6092,7.1727,6.6998,5.2908,3.9236,3.041,9.1797,244.15
260.29,46.546,72.366,58.87,48.38,44.31,27.513,41.63,66.148,40.181,41.627,70.599,59.288,42.433,64.848,45.856,44.568,46.134,11.17,1.7765,19.744,42.136,26.691,37.28,45.34,34.895,36.829,62.431,31.177,57.237,42.834,64.823,64.3,54.437,80.365,74.21,62.177,33.468,41.485,68.647,38.547,104.59,25.766,32.692,77.495,42.268,36.249,83.58,207.6,124.73,57.242,428.04,37.113,29.405,24.191,46.433,626.6,15.838,8.8684,15.491,3.1884,21.434,31.588,110.93,200.82,39.544,40.35,34.499,30.43,27.84,76.224,47.125,65.616,57.512,3.8753,6.7969,17.713,212.25,38.537,122.52,38.889,45.937,11.343,16.513,20.795,3.3845,9.0212,15.097,10.059,6.7792,24.573,25.077,72.184,3.2764,48.261,61.921,20.583,36.907,17.547,21.721,36.858,51.511,44.21,568.63,678.46,204.03,203.94,137.69,92.56,13.57,21.531,116.81,202.31
86.423,36.033,70.907,68.004,86.147,61.951,57.667,40.999,67.435,35.897,28.341,27.578,21.724,30.439,27.421,30.24,34.422,40.408,11.689,5.5517,3.019,1.7866,32.884,27.775,22.796,28.599,21.924,34.354,40.909,71.769,120.47,45.349,52.977,52.477,74.443,129.6,47.536,54.834,42.177,33.421,41.765,26.455,34.26,89.663,58.58,3.5211,0.89307,0.99974,1.1073,1.6476,4.0422,1.045,0.93788,1.4222,1.2747,1.5981,7.0878,22.054,5.435,2.2686,3.9073,2.5507,1.7532,2.2967,1.7748,8.7077,3.8322,0.78725,0.97992,17.868,20.894,53.41,47.178,38.68,50.369,63.019,25.928,44.178,43.894,30.951,128.79,227.85,11.531,18.539,5.6272,4.6969,8.2399,3.0362,2.6184,8.1938,6.0497,10.787,6.2616,3.399,6.6956,3.5627,2.7846,2.5604,8.7946,17.373,22.395,42.695,19.069,59.592,9.4757,26.168,97.25,141.51,187.58,5.009,22.354,5.1048,252.86
142.09,25.084,31.341,23.742,38.556,30.592,34.545,36.543,25.065,8.2059,2.5481,4.0718,36.197,27.918,42.478,40.14,60.676,71.839,31.244,24.507,22.713,28.264,31.44,31.79,23.178,8.7756,7.7415,12.06,23.659,24.838,30.868,30.975,41.139,28.088,16.38,29.733,23.458,36.134,26.462,66.701,107.63,42.343,29.114,8.8925,12.667,10.017,114.98,124.96,2.4761,37.812,141.67,96.555,12.824,3.5143,10.267,20.029,142.24,69.798,7.4677,6.504,12.184,27.908,17.424,13.144,8.0989,8.9174,71.063,135.52,20.508,34.768,24.241,16.744,19.594,12.455,68.627,14.86,136.64,102.95,113.39,242.48,23.128,36.673,96.615,25.874,36.517,6.628,1.2652,38.964,31.308,26.109,34.662,37.6,12.771,29.71,46.986,18.847,105.93,189.15,59.377,35.817,129.54,43.357,251.91,248.76,35.772,12.556,21.923,3.4725,4.1073,4.0164,14.121,6.1658,260.41
233.23,22.958,27.043,22.594,16.324,23.769,24.131,12.554,12.645,15.855,13.522,26.19,25.431,21.153,20.095,34.347,21.608,15.835,36.695,39.673,22.871,29.172,20.36,34.048,35.66,27.451,20.006,25.075,35.978,30.513,28.951,33.717,52.717,40.674,39.718,38.08,24.382,26.17,47.237,39.329,46.036,23.746,11.865,21.667,31.525,79.001,2.6381,3.0424,21.229,15.34,3.1803,6.4961,3.6382,6.2503,15.336,16.666,17.211,9.3935,12.64,1.8971,2.373,4.8897,3.9012,17.246,8.2409,4.8683,3.4661,12.873,6.0982,6.95,30.748,8.4629,13.944,4.237,6.865,5.1584,17.697,5.4209,5.259,6.4157,21.877,31.335,28.372,30.936,23.644,15.39,21.685,16.102,21.58,11.467,7.6954,1.9812,1.6873,5.7624,2.2852,1.7048,21.489,3.4201,4.3605,7.2296,2.6567,3.7334,1.9828,143.31,26.681,31.358,18.957,10.179,11.859,2.6706,3.2838,3.4108,230.21
204.42,68.034,51.677,60.871,75.009,77.496,67.326,51.883,60.535,45.961,4.9439,1.4458,4.5556,1.898,15.447,16.494,10.425,1.0864,1.1458,39.837,52.444,55.735,30.767,28.371,36.244,40.617,23.791,30.135,25.573,35.177,45.972,58.827,51.468,42.175,47.784,59.132,62.336,43.229,42.443,31.652,43.876,55.254,47.034,74.028,82.805,52.325,9.218,141.81,20.013,27.115,29.723,32.278,37.868,47.34,40.176,21.371,1.487,39.791,54.613,21.354,4.642,1.2429,3.4958,13.621,6.0475,10.675,13.932,41.951,30.955,41.337,53.196,34.78,23.171,32.043,41.86,48.272,24.303,24.989,39.521,43.075,16.094,51.112,1.7084,15.115,2.9935,1.9112,1.1965,2.917,0.98703,1.891,6.7223,1.3443,1.487,2.9734,2.2307,2.7761,1.4458,4.3279,3.4289,3.1431,6.1317,54.443,4.5356,190.57,14.813,0.81527,1.0275,1.2863,1.6844,0.96968,2.1302,11.552,246.17
230.49,104.84,26.171,46.789,27.17,28.902,41.52,40.073,31.684,32.93,33.06,1.7178,9.9711,25.964,34.175,29.226,36.553,22.157,71.314,21.711,55.065,26.887,31.972,10.666,1.6985,4.8765,36.61,31.009,32.364,37.167,48.759,45.847,63.256,59.736,26.694,60.782,49.405,82.597,59.899,42.395,49.187,18.657,2.55,69.246,79.034,120.81,29.57,144.9,51.917,111.91,56.935,50.672,40.275,50.322,112,9.2008,4.1181,12.102,52.891,3.3126,9.5119,2.2626,2.0201,2.0099,5.1523,1.7133,1.5956,12.966,2.373,2.6568,4.7092,4.6951,50.459,16.32,18.018,34.011,19.155,36.209,17.541,24.566,82.78,39.991,19.939,8.963,10.782,5.831,21.548,10.37,33.563,22.091,9.2386,4.4285,11.689,17.277,4.7698,4.1232,16.247,9.3287,2.5771,3.7947,5.6342,7.266,6.1291,119.76,4.8909,2.4106,1.9535,2.1027,5.6732,25.263,39.181,11.279,261.28
172.16,57.359,38.208,46.439,51.537,31.404,39.519,45.639,39.382,32.777,41.879,61.083,26.697,31.256,23.415,22.175,23.435,28.465,21.434,9.5774,1.3046,1.3897,4.5747,18.842,47.844,17.304,27.201,20.534,23.212,22.956,48.202,44.747,48.049,41.634,27.827,37.929,44.757,31.38,26.751,40.503,40.047,69.064,28.968,8.1706,17.762,1.1416,2.2526,2.3478,3.222,3.0103,13.205,7.2802,1.4413,3.2709,12.724,2.7673,11.101,1.0785,3.3762,2.7943,4.2066,5.9298,7.9975,1.9155,1.9154,24.606,14.788,17.008,36.489,20.899,11.696,9.6802,13.092,10.408,14.019,26.114,28.966,34.551,31.892,35.586,21.041,23.597,7.0493,33.948,20.747,17.562,20.421,12.743,16.885,4.5232,11.87,9.3618,17.186,8.5948,2.4836,2.5276,1.9429,1.5662,2.2145,1.2476,24.578,1.7879,8.9807,142.94,5.3677,7.9095,4.4488,3.6174,1.056,2.0033,1.5307,2.4579,253.91
215.68,50.039,33.636,55.777,69.11,34.318,20.666,21.826,44.778,80.234,111.4,22.336,7.2389,2.2346,1.6221,6.5428,9.5117,3.6431,48.772,53.131,57.591,43.142,26.625,19.156,35,32.845,26.251,33.724,25.797,56.159,21.423,31.872,52.462,82.133,40.17,66.671,39.69,36.183,25.559,29.404,26.549,107.05,66.541,135.68,69.675,58.136,49.23,24.182,3.0678,7.2193,2.886,83.511,89.918,32.144,6.7355,7.8871,3.5962,18.447,5.6319,9.1594,32.48,2.2714,10.955,5.2805,4.3446,42.212,24.77,23.428,45.53,43.645,67.666,55.116,86.885,59.352,23.798,25.081,121.86,107.1,153.58,28.421,6.3375,18.174,3.7658,41.326,6.5567,1.1064,5.0039,5.8811,7.5936,13.929,31.775,4.898,3.1092,1.8753,2.6731,6.7597,12.846,0.96819,10.02,1.5343,14.156,18.175,10.653,170.5,17.469,10.453,4.7892,12.271,2.4612,0.88284,1.264,2.0133,261.86
157.22,42.754,47.674,40.06,36.745,15.707,9.0766,5.9711,8.0324,8.2427,23.283,28.768,30.365,28.058,8.0482,7.0775,5.6207,5.7078,1.019,1.7027,2.3713,3.9283,36.49,26.6,23.643,38.112,34.031,36.333,23.606,36.171,49.262,62.775,53.996,32.053,19.222,53.68,42.784,4.0432,2.5783,6.7749,2.7073,1.9476,2.5146,13.905,12.96,15.658,20.691,15.6,9.7732,2.887,4.4964,2.3231,1.4063,1.7106,14.61,19.979,19.078,2.9363,7.9761,2.9848,2.5976,1.3665,11.584,5.2647,1.91,31.805,22.462,26.466,22.118,25.942,34.943,2.4397,1.9332,2.8265,7.0278,3.165,2.5783,2.5078,3.5093,3.3397,12.047,2.1325,2.8374,12.44,5.3111,1.5392,2.0748,1.3225,2.4703,4.3995,8.3789,2.5338,1.8662,2.8995,3.4014,2.176,2.2032,2.0467,1.5333,12.948,7.6826,43.923,48.404,200.17,18.355,10.473,1.9688,1.0718,1.3894,1.9131,2.0089,2.0549,225.62
166.94,55.863,29.934,35.028,24.693,35.642,38.783,31.023,28.558,98.988,47.569,46.99,40.106,28.635,15.19,2.1232,0.92215,2.2759,3.3397,7.3594,2.82,1.6811,4.0389,8.022,7.5489,8.4573,37.118,31.28,40.38,39.218,54.531,30.871,54.664,42.867,37.508,68.201,45.908,32.927,30.27,39.744,31.495,22.591,20.695,95.175,44.882,283.14,26.991,6.0916,4.2641,16.045,83.335,55.445,19.292,26.675,6.2244,3.838,2.5624,2.1675,1.8347,2.6888,7.7129,5.5694,2.1743,4.0861,2.3585,3.5472,2.6482,8.5476,3.4032,2.5997,3.1926,3.543,10.71,12.044,2.925,7.2714,9.3094,37.098,32.149,17.188,48.872,39.688,44.9,43.02,33.687,31.846,28.985,28.561,36.943,36.098,31.174,20.784,10.013,8.1876,12.112,2.2068,2.2566,7.974,2.1434,2.9764,4.1344,76.04,22.45,93.615,14.883,18.541,21.772,3.5304,37.257,9.1557,4.8694,4.2347,246.54
211.93,52.474,60.201,88.653,35.981,29.416,31.616,41.947,35.727,27.252,20.893,9.2839,148.15,212.96,21.841,22.815,36.809,27.036,48.322,14.926,1.3607,1.5568,6.7641,17.607,23.135,20.986,19.97,196.45,193.02,76.113,126.54,65.427,52.783,20.442,41.571,54.019,25.994,39.107,33.022,96.212,49.081,34.59,43.897,18.84,71.516,67.021,134.9,140.77,42.099,135.01,36.895,39.111,3.0163,2.5781,1.455,17.022,3.2664,25.558,33.734,36.616,6.3227,138.85,100.61,152.24,389.34,88.724,58.358,28.738,36.343,1.9759,12.226,21.371,51.224,82.998,29.215,218.89,101.68,229.37,64.196,4.4338,79.558,68.113,37.007,2.1811,1.1299,1.311,3.4979,1.5016,12.036,2.0001,2.8531,46.009,27.932,6.8269,1.0982,5.4319,25.557,25.807,16.884,23.661,174.39,231.72,134.57,226.79,106.69,102.41,96.507,4.9954,3.1758,1.1411,0.83607,1.9215,214.7
290.28,93.307,50.537,73.186,52.378,48.961,73.659,40.614,0.93624,1.0512,1.0856,0.85774,1.2311,30.399,25.442,23.814,35.512,19.292,41.444,27.509,3.6437,6.1294,30.315,22.308,14.875,3.0488,0.93316,0.95114,40.307,20.952,26.623,36.368,30.684,27.441,39.345,37.885,13.794,5.2937,16.449,39.036,94.059,44.048,20.159,11.661,1.2501,4.9162,8.2414,15.607,38.227,0.53522,0.95546,2.1067,1.6466,1.0348,1.0606,1.2073,2.1908,2.1641,1.6116,1.027,1.5297,1.539,13.063,30.172,46.957,37.266,31.215,26.993,53.072,1.7547,1.53,77.583,53.031,88.9,84.339,63.77,5.456,1.7231,0.86759,1.8009,1.7442,1.5107,1.4272,12.306,17.991,35.733,17.588,0.9903,1.0763,1.4128,1.2472,23.602,70.099,45.202,27.36,0.94951,0.84185,0.68728,1.2565,1.1365,1.1089,62.569,56.863,189.42,73.627,7.334,25.291,1.0605,0.94934,1.1814,1.7227,1.7261,225.99
209.94,71.213,84.711,91.886,82.685,92.691,83.676,64.072,88.536,57.056,41.48,4.736,47.226,55.04,45.843,33.636,48.485,42.125,50.17,42.386,66.603,47.784,40.648,59.096,50.486,43.97,46.521,68.449,65.714,76.892,45.595,62.506,67.342,66.659,43,49.121,48.57,59.926,45.374,161.61,108.31,67.556,35.844,31.331,38.081,35.039,257.8,7.0951,45.96,51.363,25.914,7.7092,21.11,15.621,178.67,167.9,157.66,103.36,28.784,47.349,30.495,10.971,29.292,17.937,13.834,11.967,10.308,51.517,5.6389,54.789,28.17,118.82,438.51,69.979,24.756,73.949,206.62,88.969,55.346,90.545,153.42,162.87,281.53,139.35,142.86,17.395,12.552,22.61,3.1212,6.4637,31.034,9.0173,22.388,33.933,27.731,11.447,5.4798,3.1216,8.1481,6.8704,5.8589,56.864,32.592,28.683,21.249,94.67,61.19,51.742,5.8478,3.8034,43.93,8.7673,204.77
209.06,74.387,114.96,43.652,85.307,89.812,36.055,22.638,15.738,2.0083,1.9386,1.2186,8.994,37.406,36.411,47.792,45.853,29.074,87.986,29.719,24.904,32.175,32.634,49.01,43.655,20.954,62.926,75.467,32.326,31.823,52.572,36.37,39.968,31.316,34.212,51.988,59.682,61.16,252.92,179.98,318.06,60.626,67.791,3.6994,1.2895,99.371,44.792,16.813,45.423,2.9554,3.4254,99.464,6.1942,40.803,30.37,202.14,296.37,3.0479,14.845,12.751,19.181,2.8666,2.1983,9.6431,11.076,39.27,24.863,33.166,75.585,62.335,56.958,40.114,47.571,35.879,37.769,33.46,68.822,354.17,50.71,14.251,15.172,17.751,4.598,4.3328,19.475,2.2287,7.0728,7.75,5.7642,6.9755,24.5,8.5402,31.666,27.635,62.015,21.019,9.4901,10.706,23.898,22.514,17.578,6.1392,5.4682,149.32,8.1231,5.1774,7.314,4.3671,6.0516,2.7074,6.8608,1.1884,241.09
187.01,32.663,38.4,42.99,58.471,42.6,51.944,33.751,22.118,46.818,17.72,4.5465,3.705,2.5116,3.9861,3.5722,3.3135,39.702,33.248,20.515,29.263,28.326,26.128,31.263,37.131,24.956,40.013,46.273,44.341,45.791,59.849,25.232,24.168,32.442,26.188,32.762,21.444,31.724,44.474,75.648,108.55,124.54,168.79,44.788,25.172,24.82,201.6,45.48,7.0197,7.8261,14.306,16.837,4.2354,15.803,44.988,81.608,40.805,45.061,14.083,4.9408,9.5783,3.4514,5.899,7.1736,8.6909,5.0724,4.4698,3.4249,5.618,5.9926,7.8503,10.494,24.931,19.07,9.773,119.94,67.057,268.53,27.083,38.011,51.942,258.38,118.61,76.055,34.673,30.757,34.572,27.346,32.886,75.637,56.246,47.683,9.8926,2.7263,6.6334,2.0844,25.341,11.951,195.74,61.122,58.895,10.646,12.42,50.837,11.701,34.373,21.444,24.651,14.013,7.4014,10.062,12.749,284.9
235.33,99.272,49,46.564,36.69,43.553,33.764,34.59,38.145,13.081,1.8092,2.591,10.522,52.213,46.476,43.787,96.491,40.09,45.045,27.215,29.068,20.506,1.5111,1.8046,33.536,27.922,27.597,43.475,34.667,34,25.787,34.536,39.758,32.716,35.893,46.137,37.247,41.98,43.186,108.54,269.9,377.39,98.881,1.7246,11.556,4.6903,1.9321,1.9982,60.715,11.193,1.6346,1.5343,2.3667,2.0663,3.0216,11.955,46.564,5.2071,6.6477,3.5191,33.932,14.715,2.8937,2.9385,9.834,2.3613,4.8345,26.718,44.722,46.096,33.877,23.361,26.007,54.289,31.434,67.092,35.943,61.176,172.79,18.569,5.5135,8.5788,22.687,38.699,40.01,58.912,73.49,69.378,21.039,64.533,90.103,4.1324,8.7962,2.1939,1.6537,6.5214,1.558,1.9732,5.7468,4.4488,1.6195,1.4924,7.5116,120.73,46.023,2.5265,2.6985,2.4276,6.0221,9.562,4.3446,2.1675,239.31
251.29,85.307,53.71,87.631,98.096,58.273,29.651,39.191,50.224,80.616,33.155,1.6605,0.92362,1.0111,1.6702,2.3213,3.5499,4.2984,1.6588,2.4775,2.3934,25.332,29.519,35.405,37.47,40.529,58.273,45.405,43.317,29.983,18.575,33.659,38.418,49.852,36.94,92.006,46.433,29.811,55.269,39.283,55.223,36.532,38.308,40.939,120.51,37.641,26.046,3.3726,4.5938,4.6543,4.6542,7.8694,1.8169,1.2458,1.7406,2.7832,0.84899,0.88231,2.6401,4.222,9.954,2.174,0.82308,1.8762,7.2768,36.337,34.225,45.829,62.049,55.205,37.675,15.811,8.7764,9.262,9.4317,73.266,59.183,35.642,46.724,48.918,26.266,39.175,43.001,9.9369,3.7646,1.0579,5.6045,6.7488,1.0932,1.0154,0.92435,2.0209,2.3022,3.1412,0.87357,2.0287,8.2026,0.613,3.8927,6.4582,4.4397,70.312,25.06,191.38,29.811,1.0544,3.2177,20.678,1.9758,1.1167,1.9662,3.0883,207.62
266.84,120.04,58.265,83.564,56.023,37.984,93.336,70.497,29.196,61.087,26.802,11.134,8.1462,3.3571,1.2819,8.8856,52.285,69.639,74.83,30.203,29.218,40.274,47.435,25.752,57.963,50.347,33.982,94.769,68.672,66.224,67.056,69.288,89.34,71.416,57.638,153.04,93.359,72.15,58.218,78.55,67.414,43.998,32.884,69.976,96.641,5.736,14.701,5.7641,5.5902,32.597,13.009,15.306,2.4622,4.4304,11.749,17.578,15.582,10.714,5.7862,1.9047,2.663,5.1379,7.2156,2.4171,14.357,20.935,50.999,79.978,57.78,58.413,48.083,64.776,47.877,73.846,98.299,52.543,186.85,12.124,9.3335,10.071,8.3406,22.773,6.7743,2.8787,6.2305,10.497,16.56,6.006,28.925,27.045,18.004,32.89,9.1675,13.846,1.9764,5.3655,1.8074,2.7753,8.4918,10.012,6.2969,6.0026,8.1318,8.1563,3.2897,7.1427,6.044,5.7683,11.385,13.521,2.0172,3.0945,48.688
183.51,46.84,52.84,51.875,64.722,29.999,24.63,43.158,28.057,31.564,37.24,44.195,29.634,25.911,8.1091,1.6155,2.6412,2.1483,19.4,33.852,39.069,35.819,32.623,35.376,39.439,35.658,32.915,38.359,42.263,44.127,39.402,22.386,66.094,42.447,40.524,73.713,36.137,78.292,73.158,36.922,71.756,30.857,5.2876,8.8445,27.381,3.0926,9.6425,9.9902,11.322,5.6988,6.3175,2.4364,6.1132,6.324,6.2,33.129,50.03,14.017,9.9669,9.6672,8.5493,12.114,6.1482,4.9215,4.7182,44.628,42.071,33.673,27.643,27.481,28.441,29.612,46.999,34.171,25.053,23.666,19.959,25.716,18.578,26.844,38.744,46.6,9.9472,7.333,3.1027,7.1902,8.2996,7.7413,2.0851,26.963,80.911,26.368,31.598,6.9971,1.6633,4.1459,5.845,4.0649,1.8801,1.5856,6.1949,2.5896,7.9901,155.87,2.6181,4.1948,19.485,2.0311,2.1109,4.4432,1.9552,2.0953,214.2
165.36,63.963,33.438,68.992,68.958,87.238,22.437,20.492,21.206,46.43,26.45,213.44,157.91,103.48,24.849,26.497,26.982,24.702,24.992,43.293,30.589,31.103,23.623,21.869,24.335,30.734,15.858,1.1789,52.571,33.231,49.207,30.061,36.257,49.169,47.225,40.772,48.945,32.601,71.635,111.93,30.086,61.063,57.742,34.867,39.845,16.791,18.045,2.6546,3.0943,6.6945,4.3532,3.2387,1.7407,1.7775,2.0235,15.911,31.861,8.9933,12.8,6.3993,18.566,11.051,3.3717,14.973,11.962,29.801,59.691,30.755,28.498,28.812,44.147,48.224,95.92,50.436,35.151,44.628,34.738,30.207,17.72,11.348,2.0752,3.9712,4.6838,3.3461,37.794,28.171,26.526,18.363,14.185,26.74,46.08,2.7416,1.738,1.3912,3.0799,3.9186,2.4089,5.9418,1.0621,1.1039,1.4528,1.5482,1.4644,170.92,12.017,10.12,4.472,8.2277,1.4208,2.9878,6.0666,4.3754,225.47
201.36,51.426,50.919,57.342,43.551,38.352,36.981,40.312,36.325,52.719,40.998,29.679,37.183,36.804,49.886,54.113,58.634,41.327,73.356,53.817,49.613,33.484,30.624,28.114,43.404,30.654,28.435,35.9,38.917,34.469,40.536,46.349,36.149,61.383,16.36,13.541,25.871,65.236,59.248,69.659,26.696,41.779,14.525,2.3759,2.3117,26.774,2.6382,1.5597,3.7322,2.9746,3.7357,2.5104,1.4362,12.266,5.3403,7.2681,23.181,1.1848,1.4158,1.2806,2.272,1.1321,1.5175,2.2509,1.0084,6.4243,51.378,44.041,18.7,24.813,32.927,23.72,27.805,36.095,40.178,58.152,39.183,87.704,57.587,42.031,103.4,18.516,30.464,9.9313,40.986,11.212,35.03,6.3765,5.925,10.731,12.194,23.711,216.07,263.37,20.96,13.283,28.329,26.717,318.68,56.041,31.221,40.318,11.7,17.184,23.185,17.288,8.7583,13.625,4.9436,2.3547,3.0998,9.366,217.62
222.7,56.579,62.267,80.631,51.699,43.369,76.692,40.135,42.992,35.437,37.748,28.448,23.598,30.123,28.544,35.835,40.705,37.044,47.821,37.032,32.216,11.277,2.7321,2.0567,16.632,29.411,32.697,37.118,35.197,29.442,35.121,50.638,66.291,61.221,67.068,44.764,42.357,51.52,47.715,51.681,109.35,48.243,66.137,39.82,32.633,17.136,5.907,3.8076,15.369,20.877,3.2539,8.0845,5.6028,2.1987,2.0472,5.3944,4.6971,2.1643,2.1578,7.1536,4.1534,3.7514,3.4289,10.533,26.155,18.424,61.931,46.167,42.838,41.546,20.3,12.921,49.115,16.45,13.773,3.9434,2.8908,5.9025,3.186,2.7679,1.9522,10.845,1.7695,1.7863,6.0668,3.9793,3.5591,5.2083,1.6326,1.7172,1.9554,3.0634,1.6449,2.0826,2.9847,1.9205,4.5831,1.8869,2.0339,2.0898,1.651,14.843,1.739,132.95,13.601,1.1554,1.2062,3.0428,5.5319,1.4594,2.2374,6.0874,229.82
144.18,47.505,82.666,65.743,56.99,80.399,44.935,51.054,41.596,51.576,33.462,30.644,35.402,42.001,46.294,41.879,37.36,55.058,37.245,44.613,57.861,39.384,41.105,40.346,38.618,28.397,35.969,37.375,56.188,90.67,133.26,40.872,64.22,66.434,53.486,33.374,51.292,56.037,47.374,60.1,44.431,34.792,43.269,57.313,20.906,2.0883,1.1,4.226,43.858,2.5577,2.6017,3.7721,4.1664,1.182,1.3619,1.1403,1.4952,1.4265,3.6722,3.507,1.4192,2.5141,2.2179,1.4528,1.4301,1.3587,2.1251,41.868,33.29,31.571,67.381,26.198,25.054,24.505,62.003,1.9598,1.8935,2.2749,1.6713,4.6195,3.6933,2.7978,3.0797,1.4207,2.3413,2.4481,2.3033,0.91576,1.6309,1.6067,1.8221,11.229,10.171,1.1352,1.3249,1.0583,1.4499,2.9019,1.6573,21.87,14.178,25.458,3.3489,21.214,3.2506,1.582,1.96,2.2304,1.5667,2.0393,2.5489,3.977,44.59
239.87,31.433,66.683,65.568,32.521,39.254,47.52,15.265,17.745,19.211,18.221,12.56,9.7301,14.444,21.743,25.468,20.207,21.438,15.984,2.8764,9.5073,85.929,22.677,39.192,49.697,13.911,7.4303,7.8634,30.33,34.479,41.781,25.298,15.793,22.44,100.15,54.728,25.507,40.783,23.469,69.785,49.503,47.165,22.637,11.604,29.937,32.539,26.613,5.5631,12.183,13.686,17.761,4.5417,9.9729,4.9826,6.8978,42.896,12.529,12.649,8.2377,6.0052,17.77,10.346,13.685,6.6249,17.814,22.841,13.21,13.686,2.3581,16.501,12.349,21.443,41.345,30.563,19.634,26.011,87.105,15.694,15.021,3.0333,15.746,16.755,16.708,36.192,43.786,18.228,20.897,11.541,7.3868,6.4879,6.2988,6.9955,20.364,10.595,9.8042,6.6705,3.869,4.0057,12.712,3.1354,4.0998,8.74,20.255,65.562,22.435,13.606,12.587,31.989,19.59,36.94,22.432,6.436,241.93
264.07,46.627,66.432,43.065,23.709,29.15,37.419,44.836,21.01,1.0708,0.8346,1.0158,2.0812,13.06,30.399,40.953,38.483,37.853,38.294,20.752,6.4683,0.9018,2.7776,26.813,27.941,41.732,43.534,34.408,46.377,46.155,42.268,36.1,45.366,27.214,24.895,46.786,32.924,65.713,51.834,34.026,30.452,48.133,29.99,17.246,20.623,9.4199,5.004,4.0244,17.333,1.4339,0.99666,1.9658,2.5804,2.8901,1.0045,4.3423,5.6759,4.7084,7.7749,2.5051,4.9844,0.6821,1.1876,2.4426,4.0924,19.781,21.712,17.53,18.699,28.976,25.497,23.212,34.798,25.062,19.037,2.0543,98.369,99.906,10.031,1.559,1.7846,4.7561,12.469,2.4521,1.7143,0.93211,2.8158,3.1659,1.4976,9.3537,23.489,21.132,24.102,25.211,10.522,2.397,0.8138,9.839,4.4089,3.3518,0.95714,1.0707,2.1133,181.32,8.9083,0.86395,1.9858,1.9933,3.9546,0.82763,0.78905,0.9072,228.18
181.74,88.267,79.376,91.909,69.757,63.722,51.431,104.77,34.921,69.182,62.497,39.184,60.426,59.168,99.402,63.358,76.813,40.241,80.614,185.67,115.97,144.27,97.889,85.17,135.04,67.054,64.601,46.297,79.679,80.659,47.626,58.656,71.412,58.369,69.417,65.229,87.792,65.974,57.066,79.065,105.78,221.36,63.234,43.092,17.688,29.561,259.02,18.937,14.789,8.3874,13.577,13.04,3.734,5.4635,5.167,85.089,47.571,19.095,17.443,26.526,14.187,6.6359,9.4247,40.008,13.073,51.99,16.084,12.781,5.8787,5.658,1.9918,11.702,7.5058,64.948,30.991,70.164,1195.9,366.01,66.091,24.772,142.12,65.143,121.57,61.253,28.522,27.695,36.219,52.081,64.197,36.818,93.986,35.759,18.921,40.387,19.385,19.799,6.8975,8.3613,2.1962,16.754,50.923,7.2164,5.9337,39.508,7.8051,4.0669,12.202,5.7381,3.3719,6.9234,7.4031,4.6165,211.46
236.64,56.35,62.663,39.098,51.538,82.15,46.335,26.29,27.563,73.629,29.292,37.609,26.559,2.0786,6.7138,5.9845,41.754,46.512,38.296,31.214,86.976,94.816,30.782,58.546,34.617,21.55,24.694,44.574,45.389,48.137,32.284,23.533,60.973,75.099,44.06,43.012,50.204,41.801,52.597,59.31,46.697,100.04,31.589,47.214,7.5192,91.947,161.57,2.2426,1.9698,6.1936,2.1101,2.7308,2.0067,18.298,23.877,178.53,279.86,16.685,8.5599,14.116,10.857,2.9532,146.22,7.5398,7.6984,72.624,174.36,5.3015,6.2979,26.849,3.6304,13.443,57.543,25.28,29.237,121.19,169.72,265.66,73.525,13.575,31.082,195.41,180.83,82.712,56.692,8.0437,5.0037,81.269,118.89,27.259,365.18,10.078,13.754,152.21,59.598,9.8759,14.548,10.591,46.77,17.181,4.3792,7.1126,4.8733,20.588,13.284,13.826,14.594,3.8635,6.7993,6.6274,7.7567,12.963,221.26
168.44,33.905,35.285,54.784,42.944,32.834,39.636,47.937,58.896,34.337,35.847,24.324,16.193,4.003,2.7439,22.019,26.893,23.146,37.161,37.789,26.223,19.042,29.094,31.596,32.497,33.333,27.528,27.296,30.767,25.328,44.134,32.403,34.317,52.72,33.013,49.037,42.538,34.092,40.741,49.365,81.886,55.006,20.752,62.079,36.008,28.378,13.998,28.843,5.0878,6.8864,5.6686,11.478,59.363,316.03,532.89,33.562,137.35,29.499,20.065,5.2299,8.6104,21.317,43.844,47.21,46.934,19.366,44.446,32.605,42.327,28.37,33.391,22.117,20.282,31.844,36.466,34.67,54.835,322.95,116.02,37.043,16.111,116.25,80.506,26.245,14.665,8.9247,1.6717,6.9624,6.4256,10.471,17.635,86.542,28.977,25.098,54.133,21.61,24.007,6.1688,25.131,2.5062,28.031,5.3102,21.571,38.653,147.49,26.714,29.999,16.225,17.013,8.9618,24.617,31.958,226.99
190.78,39.779,39.498,40.902,25.347,40.55,24.229,36.786,35.621,40.965,28.629,43.109,46.22,38.969,40.279,11.669,4.6081,1.0818,31.147,30.527,23.793,28.692,22.543,34.667,45.264,26.373,38.117,55.185,34.688,33.194,36.691,38.722,32.014,36.513,66.269,64.139,44.322,99.553,68.5,51.996,40.915,44.869,27.437,72.153,116.69,110.43,72.972,59.659,60.739,44.438,20.035,24.331,4.7181,6.787,7.1273,9.0374,8.7756,3.3994,9.9286,9.5908,11.181,10.308,1.249,1.3702,5.9391,1.1674,1.7918,23.721,36.246,47.175,23.687,24.296,55.586,32.921,16.987,39.165,30.514,13.12,40.037,20.931,88.129,25.959,21.922,46.568,112.37,57.187,31.942,22.918,27.716,21.926,14.822,50.929,115.38,148.71,39.678,88.87,37.58,24.696,9.4059,208.29,152.91,11.348,0.98401,44.793,20.702,9.751,15.845,12.815,6.1533,1.0656,15.15,2.5662,223.39
152.91,20.498,83.524,52.128,41.114,20.843,12.967,10.976,28.42,65.318,41.557,72.171,23.1,18.118,8.9685,49.33,23.658,28.301,34.687,17.216,11.303,2.2984,13.077,9.0422,8.9434,36.935,15.208,22.987,37.62,15.378,14.245,20.589,33.727,39.785,13.065,15.825,15.972,18.779,44.424,50.823,65.062,33.431,24.347,15.231,150.17,70.755,60.243,5.6096,2.5419,9.7102,6.016,1.7338,2.5738,2.3054,16.267,17.99,79.016,124.78,175.95,68.197,8.0775,5.238,11.788,9.3452,12.696,9.9643,22.578,8.7308,5.8344,17.835,72.692,20.08,23.172,18.534,14.466,8.2284,204.98,97.379,27.065,113.76,80.467,96.88,10.639,10.123,8.9754,2.8689,12.936,18.167,23.832,12.35,35.791,5.1705,3.6264,12.657,11.224,8.932,9.612,6.2981,10.053,4.9205,4.4017,6.5418,9.2608,14.043,9.9037,8.3107,3.0203,2.1333,1.7347,19.83,61.235,1.9872,179.47
336.1,342.88,201.12,85.572,32.621,90.725,33.975,50.798,36.503,34.516,26.155,29.732,28.062,22.155,2.3611,1.572,2.3684,5.3761,2.081,2.8712,62.56,60.214,30.84,66.888,45.815,28.454,42.266,54.693,40.448,38.955,27.72,33.951,35.031,37.954,41.217,39.665,34.886,58.613,41.226,57.171,35.954,62.579,33.864,56.542,102.53,23.145,4.6679,3.9376,8.0148,2.1655,22.171,12.464,6.001,7.1264,14.76,38.166,144.8,17.582,20.112,6.3361,3.2457,10.857,12.716,21.451,34.948,10.094,1.8129,2.1923,19.639,98.191,42.769,29.091,55.365,31.061,125.7,28.874,35.5,46.756,21.287,28.6,28.852,38.587,4.4792,5.1657,2.0346,1.8374,1.9898,12.058,10.495,2.8405,3.0152,8.738,14.081,52.817,1.7016,1.6073,3.1417,5.4756,5.1301,1.717,7.2832,3.8785,3.5601,162.05,28.505,11.692,2.1084,1.6462,1.611,2.0841,1.6229,10.736,226.75
264.69,62.348,28.93,71.356,64.495,75.46,65.749,40.463,63.326,47.22,47.438,9.4126,1.8478,0.59187,1.2116,3.1985,6.092,32.796,29.107,30.025,31.366,37.812,43.316,27.4,39.594,45.903,27.931,64.288,48.479,17.094,31.805,39.472,40.602,25.82,17.79,69.938,89.486,88.048,51.516,52.909,57.911,660.64,42.183,48.369,166.23,16.731,5.2531,9.7604,30.1,8.6839,1.3517,10.183,140.65,42.26,8.0505,28.49,1.5569,9.3176,4.1963,14.561,6.7292,5.9267,2.9761,3.8911,47.148,34.243,34.841,29.846,30.542,40.431,49.868,52.836,32.328,15.315,98.513,82.034,228.73,177.97,55.244,22.568,6.467,14.765,5.5539,36.146,20.558,34.18,11.529,13.668,22.144,26.147,11.478,20.222,12.828,15.685,13.988,64.95,56.456,9.2391,5.5014,1.5047,9.7521,7.9012,14.829,9.8134,16.688,39.91,7.8503,5.9822,5.4476,9.6993,5.7604,12.504,46.391
180.27,57.629,69.226,60.863,47.753,36.789,53.658,54.952,46.28,19.026,36.192,10.174,6.1003,4.1124,5.6276,6.2559,4.2992,4.6849,42.547,42.748,49.759,43.705,49.057,38.458,33.334,37.991,35.213,45.664,45.775,56.682,51.124,48.304,62.192,43.786,40.81,48.4,54.518,84.54,64.935,41.872,48.696,7.7001,18.056,84.974,100.93,131.79,375.71,322.71,87.715,109.95,27.53,21.367,37.277,36.964,183.87,148.35,517.08,184.02,24.499,25.272,11.258,23.01,58.366,20.91,7.6642,39.358,36.58,25.877,30.797,24.951,30.163,69.303,37.962,49.131,24.506,35.289,24.908,47.101,150.67,134.08,515.65,42.853,226.57,125.75,135.88,198.53,73.722,34.02,11.85,13.468,7.079,8.5177,25.849,43.729,22.883,13.605,74.279,117.87,38.509,18.688,60.862,231.03,82.645,102.79,9.3085,4.8464,37.201,3.0179,7.749,18.97,11.552,62.854,226.76
231.61,37.647,72.082,61.611,31.238,26.221,30.065,1.8552,5.2853,6.0396,28.982,149.43,264.95,149.49,48.93,33.001,30.295,33.97,36.114,21.689,53.265,46.619,30.208,4.4663,3.2868,37.282,29.787,47.094,49.151,48.605,69.076,119.31,73.361,28.942,52.01,57.772,80.053,39.222,71.475,52.424,65.517,15.863,13.027,16.08,18.25,33.297,17.071,8.5525,13.329,40.687,36.972,37.714,34.733,4.3684,36.681,29.469,20.966,12.694,6.5112,6.0432,2.4913,13.599,8.7045,12.574,10.424,37.448,60.638,28.135,45.727,44.756,33.539,37.83,68.828,56.754,78.413,33.76,32.277,46.913,27.947,67.555,41.05,9.817,3.6904,13.464,3.7605,3.0653,32.505,40.705,10.197,17.69,33.614,32.702,27.872,15.786,15.426,2.3679,6.2709,2.9302,7.5262,8.7053,66.404,248.39,116.28,259.56,44.931,314.74,44.163,16.119,2.4731,2.8752,4.209,3.5401,235.94
250.31,82.054,44.103,20.942,35.19,104.76,46.749,23.947,25.886,35.966,135.53,28.81,4.0917,2.2654,8.561,5.6821,38.009,27.378,26.388,58.299,69.995,87.413,43.263,48.74,38.386,25.129,20.441,30.377,58.201,39.252,135.8,26.719,50.045,18.975,22.601,29.982,33.563,51.305,25.382,43.071,111.02,66.731,5.8005,19.998,9.0965,2.7164,3.5141,3.2242,18.108,23.862,51.65,1.8012,3.4375,2.0853,33.678,33.229,23.631,61.936,3.6741,3.7426,2.9173,3.8294,10.527,23.65,1.7066,2.4306,1.7713,38.504,30.855,63.212,89.166,28.407,57.2,22.624,60.019,22.752,36.601,46.356,221.63,3.0987,4.0021,5.4859,4.0794,35.224,45.883,27.445,28.635,29.763,33.541,16.2,1.4926,1.7967,1.3171,3.5456,1.6687,1.3024,1.2512,1.7301,3.2773,26.74,12.556,37.22,40.106,217.36,14.321,4.6423,3.6748,17.734,6.4632,7.0819,3.8853,4.7016,236.25
187.56,55.088,48.019,78.077,38.236,57.545,41.227,40.392,47.198,62.652,41.574,2.366,1.5158,7.2738,4.3069,33.825,42.254,74.121,60.545,39.321,37.066,47.192,50.983,33.457,41.767,38.651,34.885,37.159,29.299,2.0501,25.508,68.949,40.038,41.12,18.959,1.9437,10.714,55.759,33.375,48.45,27.243,28.318,20.778,13.068,34.912,21.126,6.3439,0.85612,0.917,1.7833,2.0314,2.0142,2.7282,3.8126,1.2064,1.6734,9.2235,26.484,35.001,27.802,38.87,41.979,4.099,3.9,2.152,2.2027,18.352,23.232,25.332,26.697,59.648,46.691,16.678,11.439,87.27,8.5552,162.84,24.04,13.47,4.527,12.196,29.95,11.616,6.298,5.541,8.4138,7.7138,14.885,3.0387,2.2553,2.647,2.5634,2.5195,3.6141,6.3963,2.6104,7.3357,2.3156,1.5992,1.8358,3.8909,0.98751,1.2568,8.1162,3.2031,1.8212,5.8096,9.7866,2.8482,1.8661,5.6747,16.155,33.947
204.84,65.876,72.685,35.444,53.221,25.434,28.162,49.335,36.252,52.754,1.1858,27.473,46.057,28.139,52.196,34.673,46.598,29.382,46.76,37.523,25.16,41.258,25.389,35.416,23.143,40.433,31.63,55.554,50.992,29.917,28.569,24.347,36.206,47.455,45.183,38.014,56.01,48.685,40.942,49.856,41.324,71.809,75.834,130.05,55.118,6.0807,15.262,7.7909,8.6014,19.076,5.6432,5.145,5.9905,26.798,19.497,6.2122,15.135,5.8497,16.315,5.2947,37.934,1.4384,11.391,6.0537,6.2258,6.0665,1.9747,3.8559,21.929,53.789,55.317,35.998,41.839,33.957,27.143,25.139,51.602,25.245,40.25,87.335,7.1877,11.498,2.191,3.125,1.2212,5.7531,20.16,1.2779,1.9506,1.1531,3.4229,6.7973,9.8148,3.0357,1.9025,3.758,13.501,8.4998,1.9194,3.4964,5.7527,3.883,12.245,130.08,5.2421,3.0434,4.7045,13.746,3.1443,1.1213,5.2645,1.6377,202.43
216.29,92.564,127.59,51.026,93.776,63.465,38.142,20.231,34.599,20.574,28.482,24.774,4.9133,2.3436,2.3039,2.5039,27.828,23.729,28.637,27.651,18.83,22.485,21.337,29.996,30.465,45.688,30.707,31.081,56.399,69.807,50.115,55.303,54.642,58.82,46.078,72.428,43.754,37.459,51.619,50.148,50.313,37.549,34.915,41.224,31.392,31.215,42.821,37.48,9.3845,1.8537,1.2188,1.122,0.92953,1.0918,10.709,1.6915,6.1948,1.6967,6.7821,7.1834,22.624,41.984,67.404,76.726,150.09,43.278,60.096,40.459,55.614,21.958,32.765,41.147,29.931,36.183,30.42,56.109,34.461,40.784,55.214,27.213,117.73,23.875,4.1365,29.883,22.264,33.479,14.897,2.1917,1.1909,22.944,41.862,8.7259,2.1326,2.5115,4.3761,1.5625,2.4454,1.2123,1.8784,3.6812,4.0652,3.483,4.4079,26.462,5.6054,6.4036,4.9232,3.7924,3.787,1.0297,1.6497,1.1211,208.13
172.6,47.99,22.791,43.561,66.488,27.698,25.319,20.179,81.854,129.41,56.69,304.97,321.79,218.93,70.964,30.276,4.322,22.481,4.5327,2.3956,2.3081,12.037,38.493,22.193,25.556,21.613,124.14,123.97,57.943,25.526,23.024,21.178,43.488,54.305,40.687,87.501,52.469,6.4658,5.2128,47.817,28.299,20.798,37.035,18.351,22.622,12.163,24.592,19.373,12.639,17.748,4.4679,11.142,17.301,5.3168,3.8377,4.2348,6.0704,27.97,12.331,1.3651,60.141,143.74,117.61,119.79,301.9,102.9,63.889,21.42,54.526,21.572,25.582,15.979,16.844,32.523,21.287,2.1917,3.0279,12.988,6.9196,10.106,3.968,3.7918,9.1033,1.0028,3.7899,8.0276,2.0689,5.171,2.3985,3.2126,5.0025,2.0114,32.305,49.957,2.5452,2.1653,2.1705,4.431,4.234,12.502,18.639,2.7989,8.4801,141.81,68.622,368,239.18,167.07,43.241,34.89,6.1988,4.1209,88.494
259.54,32.29,16.478,45.05,31.874,1.0061,1.6811,110.15,36.958,1.4073,0.96595,1.1899,1.7747,56.117,44.35,30.002,57.825,42.887,77.934,23.691,1.1074,2.014,228.93,55.642,32.168,83.173,98.924,101.61,68.195,1.1208,1.0675,0.9519,0.81591,0.79044,0.89178,2.3258,0.74736,1.1668,37.85,158.42,85.379,40.399,17.181,75.341,280.42,42.174,50.564,113.09,63.108,67.313,28.537,34.382,132.23,29.801,28.481,1.7041,2.564,12.145,49.153,45.015,63.105,87.65,73.599,39.688,73.676,43.862,42.178,82.876,33.725,23.301,56.873,1.8208,1.8332,0.94181,1.805,4.6531,1.9299,1.2756,2.0913,50.389,82.202,110.68,155.3,94.562,20.851,27.145,48.643,19.83,7.1203,4.4399,2.4136,8.1748,18.944,6.2979,7.3157,6.6602,1.3771,14.022,3.9171,1.0667,1.1129,0.83591,4.8201,141.82,84.258,100.87,29.276,0.77345,1.0217,1.2153,1.706,2.3388,209.91
147.26,42.203,28.477,29.184,30.342,31.963,30.139,30.492,31.626,55.726,48.291,23.935,15.463,25.22,15.177,38.539,21.323,44.858,20.3,85.446,17.331,16.851,39.993,1.4929,4.9788,13.395,15.67,17.138,23.947,35.805,30.806,44.552,54.176,46.687,41.331,48.491,50.378,57.852,46.015,58.956,23.352,27.328,29.943,99.143,81.381,3.2306,49.5,34.867,25.551,15.772,47.461,9.6477,1.9835,39.585,61.242,91.897,68.466,40.831,90.379,25.616,7.59,4.0479,10.951,13.844,19.633,15.147,3.6122,5.6218,1.3365,3.3362,10.95,48.183,54.133,56.806,48.396,86.253,20.596,33.547,59.43,35.806,43.623,32.996,43.718,14.552,16.448,33.706,28.277,45.939,63.215,129.37,99.089,65.553,26.505,42.138,37.443,2.9757,17.87,8.7163,31.721,42.831,31.181,104.26,5.9169,359.66,88.025,30.649,32.934,26.692,32.174,21.056,13.173,20.287,187.39
408.89,104.77,86.798,92.629,32.06,40.22,50.308,58.866,8.6776,1.6365,1.2561,17.765,73.064,44.79,23.502,41.692,22.6,35.984,25.142,51.209,48.956,37.67,21.557,5.5375,3.3877,1.6307,30.671,39.263,46.082,23.335,67.792,38.566,50.332,53.014,79.479,28.207,37.004,95.188,48.722,111.77,122.13,20.388,29.133,29.467,104.29,39.757,5.7856,2.1106,7.8851,11.829,57.145,15.938,10.508,6.1294,1.6867,32.769,184.62,49.274,3.0071,3.5227,2.0124,1.8359,2.8105,7.4336,122.84,35.398,42.787,23.76,46.516,29.074,63.562,57.54,106.53,29.543,2.8205,3.8277,17.517,77.802,49.041,22.783,22.003,29.381,23.896,1.6154,1.8106,2.463,3.1774,5.4071,1.8498,1.264,1.6177,12.83,30.272,1.9297,2.9145,2.4412,2.8713,3.1125,2.1116,1.6929,2.095,2.8517,9.8177,169.49,27.656,37.514,15.086,21.943,24.811,1.926,4.9217,2.6826,185.87
172.55,32.877,12.515,13.93,17.731,19.15,18.18,29.567,27.186,18.593,10.882,21.39,14.4,17.499,14.926,21.184,15.536,17.604,21.042,13.788,23.797,30.132,46.079,233.62,99.907,47.583,76.385,26.854,16.229,12.236,13.963,9.5724,10.771,9.9145,8.6776,11.84,11.406,11.113,12.153,36.248,16.656,121.72,162.16,2.558,9.7499,2.1328,3.6449,1.9602,14.274,37.866,6.736,4.5218,2.8433,13.219,2.2695,5.8906,7.0619,7.1367,32.775,8.4226,2.617,2.2894,2.0896,43.519,32.558,18.22,32.649,7.1034,11.569,10.312,8.4528,27.716,39.494,17.57,124.38,110.58,19.629,12.56,8.0959,11.726,36.133,38.192,26.571,1.9483,8.1478,4.5518,1.9979,4.5075,18.514,37.908,29.915,10.613,4.0829,15.754,18.813,18.827,5.5929,13.534,45.645,27.678,79.655,54.633,20.559,31.668,13.623,21.318,17.087,19.055,6.7368,19.158,5.932,15.463,282.85
244.23,84.262,103.86,77.785,109.23,99.718,95.504,122.36,89.742,37.074,19.256,1.8795,70.529,17.405,1.6407,36.939,165.68,76.158,76.919,235.06,73.282,69.005,118.38,52.115,44.861,39.422,37.768,42.732,27.037,31.834,42.261,52.011,138.34,80.725,166.46,57.006,76.932,46.563,56.485,93.169,134.41,70.62,71.594,22.849,37.833,34.256,6.3666,13.165,1.9161,55.455,145.23,77.408,3.5914,22.63,88.15,361.6,3131.5,1406,263.28,24.043,50.904,14.818,18.511,16.451,17.016,65.089,70.886,50.906,56.353,48.795,23.48,36.055,89.029,14.964,75.555,32.619,41.106,179.06,30.822,27.209,3.3947,2.2033,4.4193,1.8379,1.8068,1.575,1.8459,53.398,39.675,32.856,43.621,33.51,55.802,41.794,6.8764,1.9962,12.689,4.2832,33.429,7.6564,4.8579,11.346,3.3248,143.46,27.012,38.714,14.567,2.9067,13.19,3.1123,9.6625,8.1188,238.35
212.61,63.133,92.114,108.49,55.59,49.893,35.605,34.509,47.944,25.649,29.626,26.103,37.047,5.1491,9.6084,4.6022,17.398,36.051,31.59,38.613,38.369,24.155,14.234,10.961,8.1384,2.7358,13.012,41.115,35.939,59.727,30.273,24.825,48.559,76.841,49.406,126.2,18.646,22.502,44.049,36.534,38.731,243.86,40.782,78.095,80.991,2.5497,5.8591,14.911,4.3866,5.018,15.165,16.717,64.242,16.883,17.323,26.463,6.2625,3.6335,10.922,8.3445,23.693,9.2546,38.747,11.042,26.526,97.181,92.778,45.692,89.474,43.914,18.784,23.009,79.272,58.678,27.616,33.524,29.93,27.878,23.706,35.461,30.916,39.58,44.501,38.075,22.178,32.44,11.551,24.746,4.0978,1.8935,1.6318,1.7522,1.1871,2.2471,6.7324,2.8458,2.5411,29.745,15.127,22.563,19.884,50.145,43.585,138.02,29.839,73.581,24.562,26.279,25.433,1.9041,2.0988,3.5825,217.9
205.89,60.658,97.741,133.52,171.05,162.49,239.52,268.85,399.98,524.37,536.87,197.88,101.3,101.72,84.763,78.615,127.91,173.85,348.16,231.38,172.43,259.04,285.41,237.48,174,227.43,267.67,145.45,154.52,127.61,303.99,116.22,79.173,115.86,222.97,146.27,145.37,139.24,196.94,104.79,174.94,298.96,4.4358,3.2003,4.1103,44.918,42.986,13.243,7.6172,2.4799,13.708,12.326,20.163,8.4098,45.435,16.707,110.54,42.416,10.405,15.874,6.0958,63.555,12.68,7.7405,6.7773,7.7753,1.9076,5.8646,16.567,13.043,8.9444,4.4887,58.616,9.1634,64.095,37.809,372.89,192.97,11.622,12.893,205.96,84.172,76.145,163.16,16.738,5.1533,2.1894,4.3454,3.6391,6.338,15.321,33.24,3.6914,8.431,23.945,25.333,14.048,7.7359,4.6834,27.201,11.744,13.027,31.776,219.65,54.113,23.406,14.943,35.012,25.162,3.0353,2.1964,2.3428,211.12
205.63,83.384,44.082,93.508,72.985,48.697,29.311,29.784,47.328,69.9,43.251,2.8292,48.119,56.997,27.899,39.002,24.018,47.801,26.029,22.645,23.649,31.665,51.674,24.795,22.211,32.198,29.57,35.527,43.029,46.61,35.47,28.244,34.721,35.996,80.123,83.47,41.308,48.34,26.985,61.054,100.03,144.07,28.939,76.402,15.708,44.966,3.0867,9.8746,8.2408,10.961,29.417,4.188,3.6881,37.803,119.23,702.91,404.12,27.738,14.907,21.623,26.504,13.67,11.847,18.47,8.3365,68.88,40.437,26.011,61.296,35.436,64.304,46.617,38.783,11.234,15.306,16.094,32.84,14.015,319.03,278.15,199.85,20.046,2.6754,5.6595,8.2507,47.645,35.692,8.4946,22.279,89.551,62.635,91.571,98.544,60.287,35.262,42.905,27.472,44.511,14.987,52.854,35.617,15.053,24.567,113.79,9.342,2.9361,33.327,13.581,22.983,58.627,2.7026,38.52,413.06
206.06,57.067,41.567,41.723,52.34,33.371,46.035,16.245,3.7977,4.7583,24.449,35.068,29.522,30.399,34.975,32.636,0.7645,0.83994,2.4976,28.623,37.203,32.085,31.255,30.478,31.17,11.07,3.9707,23.642,58.242,42.626,30.921,42.703,52.28,49.342,26.269,40.178,45.487,8.5334,46.276,76.776,69.317,44.038,79.038,10.608,19.74,7.16,11.499,1.7874,1.0585,1.8136,1.4965,1.021,5.6242,4.2312,10.178,2.1398,4.1599,3.347,6.7714,3.0419,3.0393,27.262,33.27,36.22,108.61,31.597,30.889,36.432,39.924,47.642,24.968,66.34,8.9724,13.574,31.808,9.5803,12.44,50.205,7.2496,36.717,39.436,56.932,31.954,8.9291,13.882,13.763,12.091,33.351,24.987,2.8289,2.5078,6.104,7.1643,10.209,5.1482,3.1889,10.05,3.1194,3.1698,4.3034,27.939,1.7846,1.79,158.22,14.652,3.7272,4.0086,4.3993,14.261,1.7502,3.1947,4.5493,216.85
147.15,56.218,38.082,62.021,31.151,28.169,33.527,26.066,40.458,89.315,75.76,25.237,90.588,37.83,28.435,28.103,17.117,10.404,9.737,11.179,16.596,7.291,18.374,13.641,11.969,29.032,73.612,25.036,5.8727,6.2038,6.376,13.767,13.002,45.196,56.175,22.165,42.797,27.597,30.618,25.291,30.838,24.429,53.064,13.338,7.4383,21.752,9.6136,19.758,30.903,18.89,15.945,67.801,33.137,18.015,15.655,14.309,14.817,15.172,10.887,21.564,28.396,30.389,20.226,21.919,25.254,46.601,38.611,20.162,8.3603,23.184,13.873,11.153,10.823,9.4757,11.419,10.854,15.786,36.197,9.6416,11.02,21.905,6.437,11.305,10.657,9.9281,14.328,13.158,13.301,8.704,13.202,15.562,14.054,13.318,14.547,14.318,9.0154,20.929,8.0312,14.324,12.719,16.41,12.904,15.211,72.797,11.475,1.8227,5.5968,11.199,6.8458,5.8369,2.2477,3.6397,2.0985
236.72,84.882,48.907,54.929,50.078,53.729,60.144,54.351,20.859,25.059,1.5797,2.8627,2.8349,2.2862,58.999,42.31,42.687,24.756,39.61,22.16,2.0215,2.4734,1.9654,13.763,14.389,75.725,47.186,32.902,81.039,41.818,40.442,38.069,26.354,52.126,2.1415,52.391,67.236,39.885,45.77,127.61,120.14,78.568,44.984,91.864,130.6,33.523,92.157,152.59,41.905,159.54,46.325,35.937,3.4937,2.6821,2.4569,21.673,1.821,16.934,40.685,29.71,16.54,79.59,27.077,107.72,442.33,89.433,46.738,20.059,20.444,2.0313,9.1374,21.673,48.595,59.254,43.56,50.712,79.979,153.34,73.911,2.2634,44.889,24.13,21.053,1.8262,7.3288,1.8263,4.2319,2.8119,5.0276,11.934,4.5381,33.845,22.386,2.1523,1.3572,1.7348,12.861,2.2761,2.0855,82.826,75.251,218.18,90.89,253.09,71.513,51.829,25.16,2.7439,1.883,4.3297,4.4982,15.83,179.55
181.11,45.183,64.669,48.395,25.267,15.876,19.814,15.5,15.547,41.609,23.714,14.21,14.972,20.99,14.664,21.986,46.007,28.394,33.657,10.658,4.0825,1.6039,1.5886,2.4969,2.4578,2.0841,3.5676,27.937,15.315,13.285,29.858,15.428,15.28,15.147,19.772,44.159,15.134,19.372,16.927,17.459,42.574,60.869,39.929,38.808,98.952,200.7,718.92,62.022,8.6179,11.862,1.6656,3.2487,14.567,3.2345,4.0436,59.176,86.084,9.7204,32.463,13.779,32.681,64.955,13.324,16.261,3.8327,16.491,12.063,13.319,79.566,7.4376,56.927,23.98,9.1954,39.508,565.76,115.59,151.08,579.31,242.75,237.42,191.3,27.23,30.379,65.066,83.547,16.817,15.055,7.0526,195.41,49.175,22.944,87.058,3.5523,3.3918,2.0529,2.8048,2.3138,2.2921,6.9619,5.6321,29.529,49.173,127.5,15.366,149.08,162.1,76.458,6.962,34.415,32.802,21.693,136.79,230.88
185.46,56.166,64.163,101.55,45.579,34.747,24.845,34.581,42.857,25.075,32.678,21.606,9.7749,0.73683,1.3128,1.4263,1.4218,29.449,45.59,54.527,13.874,23.625,50.43,29.821,25.159,50.972,43.261,62.056,47.097,35.932,54.123,43.8,38.316,53.436,61.812,93.275,48.841,16.918,20.873,56.016,23.287,26.894,15.24,26.466,117.06,26.839,1.4453,1.3273,1.767,7.1727,13.814,1.4424,6.6463,4.8535,2.0098,2.6389,4.7829,9.5674,7.1304,2.3299,1.2473,1.3357,1.1691,44.874,75.855,81.766,58.454,32.822,19.241,17.906,14.124,24.102,31.942,85.786,58.551,34.814,31.545,75.577,50.196,12.335,10.613,8.1591,12.03,21.387,2.0771,3.0437,10.68,18.359,34.859,26.268,41.734,55.922,28.676,44.514,10.244,3.4684,4.0701,1.908,1.6264,1.2842,1.4503,6.0419,8.6165,12.29,5.1614,4.8387,2.1258,9.386,4.2859,2.3726,2.5645,15.897,48.438
167.51,41.884,37.692,29.887,33.862,21.512,28.32,29.323,28.326,32.831,41.228,47.89,37.218,35.154,33.062,9.2166,1.9074,12.399,38.495,18.758,27.27,30.714,33.359,27.042,17.416,15.817,36.334,30.606,51.795,35.345,28.16,40.235,45.674,46.047,22.676,9.4052,37.109,36.067,25.196,28.045,23.612,36.066,21.799,79.062,13.584,8.3865,9.1706,8.3361,7.8533,12.406,8.6415,5.6858,16.397,34.35,27.011,53.132,11.198,12.376,24.775,17.15,14.473,9.7619,2.7783,3.3513,42.525,22.182,28.315,26.932,39.909,27.454,45.192,19.498,45.442,20.96,10.576,6.5891,6.3834,67.288,21.33,21.021,27.514,21.821,7.84,6.6867,4.2184,9.685,11.28,12.474,10.972,13.331,4.2852,2.8651,21.526,3.3279,2.8747,12.142,33.389,11.695,3.958,1.8911,7.1342,8.4958,4.2421,24.762,8.4418,21.405,22.921,5.9133,3.8764,4.977,1.8903,2.2056,33.019
275.01,64.476,50.08,51.138,63.098,44.34,66.568,39.779,1.2047,1.1241,3.3762,1.3546,1.2304,56.282,42.792,21.675,31.695,20.317,23.089,13.693,1.5214,3.3807,1.5847,1.5743,1.1102,52.152,44.515,30.659,70.401,32.404,37.627,34.117,20.881,37.847,21.328,10.529,65.789,37.954,41.904,26.516,51.504,104.98,63.544,1.4969,150.47,64.795,21.218,144.7,33.825,46.317,26.667,52.1,1.5482,1.365,1.0625,1.182,6.7439,12.046,45.757,47.962,146.33,147.09,20.342,1.4559,187.45,63.933,32.071,1.016,1.4979,0.96985,1.8259,129.46,24.359,101.13,21.325,24.185,64.676,239.76,80.588,1.272,77.879,77.521,81.646,20.885,10.168,1.1495,42.899,2.0673,1.8469,1.694,1.3475,2.5102,3.7186,1.1668,1.0773,1.5992,3.5943,1.032,3.1426,103.3,101.71,234.65,65.248,85.503,249.23,49.854,41.106,10.483,3.5624,22.233,1.4695,5.4213,192.53
205.14,49.759,94.581,46.515,63.027,61.199,65.024,49.742,62.07,70.965,29.93,33.926,32.677,10.286,1.8843,1.7757,48.909,22.075,37.985,30.779,29.503,32.458,30.179,19.417,20.566,33.221,24.209,24.938,46.432,40.669,27.346,28.73,15.832,44.489,26.466,34.285,79.979,77.834,63.075,42.191,74.818,99.395,57.592,33.748,41.251,16.829,17.861,26.471,20.098,24.354,27.203,4.4561,2.6887,3.7546,1.5137,6.0428,23.155,20.148,7.4653,5.9262,5.3158,4.7458,5.1011,2.7256,43.348,32.527,19.344,28.758,43.603,35.408,37.269,42.265,15.936,40.507,39.618,58.717,52.076,70.365,68.997,24.691,17.119,2.6969,8.2787,2.6881,2.1139,3.4443,7.8129,3.6815,5.554,6.3348,17.352,6.6288,23.551,20.175,14.095,16.499,33.164,1.6676,7.3957,27.624,28.104,7.812,2.6032,253.62,7.7963,10.499,2.5886,2.5715,5.6653,12.142,2.2971,2.734,197.01
233.41,61.351,59.764,106.08,28.006,24.413,44.096,15.039,29.495,31.619,40.367,2.1933,2.2647,2.7648,20.978,20.309,17.243,14.539,31.588,27.077,23.04,25.467,33.485,14.284,3.3866,2.0212,9.4967,28.245,28.254,41.508,35.93,31.43,24.428,51.083,3.1204,4.8086,132.16,32.866,38.282,62.61,33.672,24.662,50.406,1.4091,225.66,41.472,33.161,144.27,44.539,108.99,64.431,46.612,37.427,42.754,78.26,22.899,5.5915,7.7691,24.664,12.759,43.224,27.047,22.222,96.885,273.46,29.865,42.793,19.864,14.519,5.2501,5.4581,2.3805,1.9737,2.9164,3.854,6.7579,5.4856,2.3306,6.1289,10.769,3.1862,1.7233,5.8094,4.1229,2.5724,2.8025,40.128,24.633,36.54,14.924,49.411,2.019,1.615,5.5373,1.9121,3.1744,2.6662,5.8722,2.5126,2.2018,5.2497,2.179,8.4212,110.12,68.118,36.948,31.859,28.257,14.959,2.0135,2.0212,12.414,200.81
321.16,77.646,51.395,93.595,92.904,13.727,0.71136,8.2763,24.968,45.053,39.062,1.1784,1.0267,58.035,33.352,55.242,6.1667,0.64185,1.0714,85.449,24.25,76.878,15,1.4913,54.391,29.605,67.885,57.89,54.592,44.159,74.333,95.591,88.563,68.303,74.736,1.5247,2.2264,158.83,45.184,43.666,55.558,57.867,33.314,13.773,6.2074,6.5356,4.0481,5.0764,5.5579,11.746,3.8182,66.773,35.92,24.196,52.441,15.986,6.8107,4.6226,5.4557,4.2629,2.832,11.813,8.3654,41.486,11.936,19.896,70.658,24.81,50.038,97.248,36.869,82.028,63.184,51.785,96.03,74.183,10.53,1.3031,1.09,1.6223,1.9527,26.313,18.165,2.5515,1.1234,1.4723,1.2218,10.768,20.093,40.468,24.415,4.5556,4.3567,9.7277,5.8337,7.2586,16.663,36.012,1.0446,1.4119,1.3938,4.1171,3.2199,220.26,83.888,36.675,2.6725,0.84663,1.39,1.3025,1.4042,1.1988,184.32
206.65,54.884,89.099,158.08,68.925,73.107,104.93,50.409,41.861,30.205,34.941,169.18,37.771,35.882,46.618,74.567,110.15,95.681,38.925,85.858,30.182,3.5558,4.664,40.809,43.615,50.244,31.606,55.482,51.07,103.1,101.5,34.817,37.376,53.635,21.241,36.709,41.308,39.278,30.06,40.665,41.746,33.87,25.873,29.188,34.083,35.533,192.25,23.077,1.2254,3.5454,38.117,28.462,53.445,23.24,338.53,72.177,32.211,13.374,7.6382,9.0513,3.1337,6.0576,13.707,6.7651,8.1651,1.5093,1.8824,1.6912,3.4408,11.808,7.1405,6.5614,4.4659,2.255,12.559,79.087,89.895,58.125,205.43,70.756,126.9,158.67,49.43,26.775,26.182,19.675,29.426,89.078,26.836,17.421,22.385,8.6178,4.7913,4.1791,8.0207,16.527,12.298,3.1614,9.7028,19.107,25.425,1.3116,1.2406,54.104,207.76,48.839,18.313,7.1021,4.7473,24.084,9.6726,17.421,198.12
207.15,40.106,41.389,41.767,54.827,34.336,39.003,38.144,33.604,27.495,32.804,31.263,13.476,13.099,2.0373,2.5289,2.6178,3.438,22.825,23.28,47.619,35.088,34.434,26.24,26.068,25.325,2.1383,3.2589,48.341,32.97,26.894,25.991,47.24,57.676,37.186,29.716,45.994,52.076,51.16,58.44,65.795,21.319,8.0248,2.8643,27.11,15.566,3.3496,6.2073,4.2405,9.1471,6.8666,6.7159,13.357,9.1226,5.8317,29.92,30.588,40.39,6.55,23.627,12.894,11.509,4.3543,3.3411,27.79,55.396,66.42,29.267,28.137,59.684,39.06,32.001,24.13,26.899,26.107,20.316,192.78,343.2,12.348,11.04,12.612,6.8775,4.9027,30.541,22.884,22.997,25.834,21.163,23.891,4.9274,5.5378,4.4763,6.7225,6.037,3.8406,2.4125,3.7192,3.8133,4.145,5.1204,3.081,3.976,5.3073,159.66,5.5697,23.289,6.4809,7.5029,10.339,3.6694,1.8214,3.7678,185.99
175.58,17.843,8.236,4.7161,8.885,6.7211,1.965,11.796,6.0489,2.4631,1.0012,1.8061,6.1956,8.4428,41.125,27.776,29.325,22.072,31.836,11.591,3.0541,9.6758,1.7592,6.5608,3.8452,12.222,36.194,13.768,13.456,27.919,30.63,22.692,24.657,2.4106,2.5629,18.568,50.075,42.886,23.865,233.44,95.76,106.6,16.498,5.8705,8.4717,7.8458,5.3578,4.6918,12.944,12.265,17.78,5.9676,5.5199,0.99102,9.5407,33.12,31.368,8.2665,9.3083,3.5974,6.0944,16.605,5.7685,9.1842,3.3988,0.90965,1.9972,20.676,26.876,25.409,28.504,43.652,9.6628,2.7934,3.3486,41.281,45.329,66.915,16.634,19.198,16.218,10.979,3.8493,1.8362,33.206,25.736,60.875,63.153,23.761,70.333,38.944,114.01,3.4447,37.252,69.771,17.052,18.15,4.0511,18.614,22.255,9.2623,3.743,5.9302,9.1617,12.617,20.383,110.32,36.167,35.372,50.722,22.038,13.026,31.189
184.6,69.152,42.692,90.741,201.28,51.858,33.765,25.507,33.986,31.746,42.897,9.0196,0.92514,0.92484,1.4909,1.1045,8.2054,1.0438,3.799,11.34,1.008,1.1907,14.459,45.396,39.554,33.468,47.29,37.749,36.813,54.975,31.714,25.01,44.554,23.405,47.576,58.669,58.545,56.213,46.098,42.278,47.072,110.77,111.62,26.779,64.941,18.091,4.6595,5.2276,21.255,13.526,26.334,60.406,1.9772,2.9134,1.5984,64.182,25.739,10.106,18.849,22.37,6.8506,7.9489,3.6563,12.143,61.601,32.537,53.987,57.483,53.103,52.61,59.906,63.559,57.908,76.13,59.475,29.573,8.4991,19.37,23.45,24.361,12.854,37.813,16.278,21.833,19.163,27.709,12.86,1.7601,1.2308,3.5454,3.0666,15.183,31.074,13.147,183.42,54.193,2.1466,2.7581,1.2017,7.6541,20.1,18.617,2.7264,60.264,154.84,3.5821,3.6484,12.267,4.9267,0.81084,10.533,8.276,217.06
260.75,42.248,23.413,37.063,68.864,35.906,33.898,21.685,28.811,32.78,36.254,13.35,16.888,18.927,21.618,1.3711,2.449,22.231,24.552,26.033,36.182,29.12,17.381,20.61,22.735,20.588,18.177,27.536,34.005,68.181,31.006,20.893,33.25,35.686,40.522,36.767,32.28,16.477,17.027,20.527,29.151,28.844,24.827,90.544,93.18,7.649,55.922,87.748,19.095,52.782,7.2552,5.6601,15.977,29.009,27.537,40.886,110.59,97.959,11.474,11.243,10.231,12.339,11.302,5,35.238,62.338,50.398,27.302,34.734,11.58,14.169,19.865,21.752,29.418,35.724,42.788,165.81,33.477,19.571,5.196,6.8974,4.2961,3.2793,4.0615,10.357,3.2116,15.886,12.243,33.478,46.473,37.653,8.2388,10.619,2.6676,10.298,3.1095,5.2068,10.18,7.6857,6.0931,6.2022,26.607,20.105,130.03,12.433,5.2923,5.8566,2.1291,1.2855,1.1295,2.4484,5.8099,186.44
164.32,24.149,79.317,52.931,48.467,40.124,78.852,61.442,2.7905,3.1803,5.4779,1.1054,1.1506,3.9544,77.735,33.862,34.406,18.93,29.751,18.891,33.199,31.318,17.238,21.373,1.226,29.498,49.487,77.441,85.398,36.15,29.555,25.217,25.4,60.96,6.0756,73.058,78.569,35.65,35.023,109.2,140.02,76.18,38.432,96.268,136.46,30.316,51.625,158.35,26.434,48.199,34.228,28.235,30.405,44.532,35.571,4.3877,3.7418,42.259,42.377,13.5,107.17,72.513,37,5.0499,99.029,30.438,32.401,26.763,49.637,8.4182,1.4989,76.664,27.712,102.95,102.21,69.439,27.041,162.37,68.236,4.9778,34.038,2.829,4.6714,4.3814,1.2312,3.3381,1.9611,2.24,16.143,3.7228,2.5174,36.876,39.725,33.899,12.489,7.1681,4.0623,4.7657,2.7504,3.8053,7.8189,5.8782,8.1695,109.61,279.54,41.529,40.22,76.163,0.9229,6.2514,44.046,36.774,214.96
324.71,38.389,28.503,15.898,19.726,19.595,27.741,34.983,11.917,1.4593,2.0704,2.0351,1.9395,14.77,23.52,29.516,28.1,30.225,37.932,20.562,19.466,21.176,1.4917,1.9918,1.2872,1.9636,1.6023,0.8974,25.17,23.658,23.61,23.011,21.52,20.087,19.96,31.314,27.754,45.496,36.936,1.8572,1.7591,2.1864,2.4922,52.898,77.64,8.9589,2.2018,124.66,23.161,45.447,27.761,29.589,19.671,45.539,34.496,12.719,1.0413,40.818,39.322,2.1976,1.5721,1.4959,2.4192,2.6096,26.379,25.173,35.483,18.603,21.881,15.17,2.8047,3.6544,1.1704,1.2214,8.3151,2.8804,1.7857,1.969,1.7881,3.1705,4.3508,3.3297,2.1817,7.7341,1.2305,1.0774,0.94792,1.2388,1.5531,1.3267,1.0533,3.1383,5.7109,0.87436,1.1294,2.4784,4.4774,28.491,10.503,18.513,18.936,52.118,26.433,184.09,57.826,2.6867,2.5194,32.475,0.79474,0.8861,1.4049,0.82976,173.94
233.79,50.244,55.351,35.739,52.507,40.233,29.295,34.987,38.21,16.122,2.6405,3.256,16.518,18.799,36.291,32.857,21.389,17.937,25.792,34.003,46.434,44.492,23.067,43.381,30.612,36.344,29.714,33.858,51.922,64.006,43.127,47.037,49.586,50.074,38.267,72.256,30.584,83.918,72.954,35.413,54.219,35.185,31.614,67.972,80.599,4.6524,37.181,3.4366,5.2686,50.157,6.5868,11.393,1.4758,2.9065,2.6326,1.5157,1.5181,1.9322,7.5928,3.1453,3.1226,4.9738,10.637,26.311,42.259,48.598,54.691,39.474,43.598,19.97,25.538,29.943,44.309,47.599,52.145,46.747,46.556,25.804,5.9408,9.4301,5.8575,20.658,23.379,18.745,14.004,11.411,27.745,33.864,6.2431,10.529,11.531,2.2762,3.255,6.5886,3.4342,3.698,3.438,5.427,31.695,24.807,16.507,2.0091,2.8499,196.4,5.7921,2.7029,8.6899,3.2939,7.0026,8.9459,6.5855,3.2904,202.55
216.58,83.377,40.987,57.797,48.648,35.714,31.17,36.034,33.246,41.799,45.615,43.905,49.414,13.476,1.9012,1.6124,1.9391,7.1083,9.8389,24.607,56.735,33.581,20.311,26.611,37.256,38.06,31.924,35.261,37.973,32.947,27.39,35.688,30.522,44.516,34.717,57.19,52.218,37.133,35.083,35.086,47.835,47.299,56.892,125.49,83.965,5.9802,64.43,51.753,12.587,4.6637,12.754,8.7552,12.35,0.95176,3.4294,15.371,6.0956,2.7428,5.9541,13.666,1.0113,2.9248,2.3707,25.998,2.0694,0.98753,1.3983,1.6014,2.4171,24.929,8.2738,22.021,49.998,40.154,50.555,62.08,37.707,28.925,38.571,41.876,183.33,179.27,145.9,38.926,128.73,5.0741,2.1676,2.5919,7.1159,4.6066,10.169,4.7291,8.9256,9.7858,21.315,8.3319,15.693,15.957,201.81,54.496,10.9,2.8105,14.953,12.27,13.48,34.192,0.79479,8.9588,7.8393,3.0899,3.3305,1.536,196.53
233.38,70.203,104.08,62.497,68.9,43.242,50.851,35.29,27.426,42.515,25.518,74.68,49.968,24.944,3.9017,3.2496,50.965,51.965,46.115,30.08,73.886,31.704,46.536,33.945,87.956,41.497,52.434,43.716,62.524,49.678,30.067,37.759,55.936,79.687,134.07,122.44,64.594,47.873,65.925,83.038,48.814,117.18,73.612,47.178,29.198,16.368,1.1159,2.2981,9.3639,5.3503,3.8102,12.872,1.7171,2.8968,5.0324,6.5875,6.4932,45.132,39.586,8.8096,1.3366,1.9571,4.8262,28.373,78.902,39.506,29.894,28.955,40.969,50.103,46.533,86.926,51.841,13.038,54.052,8.4973,15.547,41.187,61.783,278.03,457.27,8.9181,3.6221,8.7691,2.8685,9.2981,20.713,75.315,3.0436,5.4879,2.9617,4.9417,4.0295,2.9396,5.8165,2.0994,7.2574,21.691,3.6637,1.6125,9.8486,6.7617,16.575,224.81,7.3856,1.6564,0.88489,3.7916,1.265,4.2263,1.932,2.9674,199.22
362.87,35.247,112.2,57.511,243.07,62.728,63.902,24.351,22.176,23.117,25.074,30.145,24.492,2.2718,2.209,48.357,23.017,48.869,42.112,39.837,39.361,24.996,29.348,24.977,25.569,21.058,61.294,49.352,32.198,38.885,17.941,30.178,72.887,27.533,22.031,30.958,35.72,49.894,33.577,33.431,126.85,131.32,188.41,102.45,57.591,8.9257,2.8456,3.3615,2.3096,15.895,5.8388,17.177,4.5738,3.5121,90.75,4.2561,6.2572,7.5324,14.009,12.582,4.1047,3.8217,3.1948,10.211,8.6561,16.314,4.9121,13.18,56.945,12.598,8.008,32.325,3.8512,13.57,16.313,28.448,16.411,74.181,166.91,43.79,41.04,42.484,76.762,19.46,31.745,37.307,33.678,45.522,61.995,60.535,58.904,45.576,27.732,50.452,21.614,4.5416,2.4535,9.4803,3.9126,1.4059,26.93,2.5054,7.9494,158.59,16.477,12.606,14.123,3.3028,2.2478,14.228,23.507,10.307,187.27
233.19,77.666,53.859,88.91,40.994,38.674,49.617,52.255,37.088,33.277,42.478,37.428,35.913,55.741,6.4266,4.0409,3.0388,2.613,3.4197,2.1625,2.4948,4.3578,44.355,55.76,33.683,37.301,37.544,36.112,31.203,50.176,51.278,29.397,41.565,44.698,20.792,43.453,21.92,32.853,63.592,27.836,28.986,37.834,44.543,6.3383,73.324,46.943,1.6672,13.617,15.342,15.466,4.8895,4.9358,61.45,6.4427,6.549,27.394,28.103,7.6513,9.6633,13.953,11.908,20.273,37.322,26.675,38.284,27.357,19.32,23.653,25.209,52.633,39.49,57.015,34.713,20.404,5.1698,5.2439,173.98,46.546,16.841,19.775,4.8906,12.155,9.0104,8.521,2.5125,4.3253,21.001,2.5588,13.925,7.8736,15.75,23.781,12.333,11.978,1.4847,4.952,1.9699,5.546,38.52,1.1462,5.5692,1.8862,3.3795,131.03,3.2172,9.034,8.8918,7.2302,3.1406,4.8645,12.252,13.79,164.02
239.14,61.487,38.815,85.012,96.631,57.343,65.18,54.78,50.963,26.541,29.854,44.911,5.1371,0.98313,3.4044,2.1905,0.81341,1.9298,2.798,24.55,24.385,26.486,25.054,26.531,54.058,44.272,35.558,28.993,53.664,40.118,13.143,1.3092,1.1531,1.3817,3.4936,52.176,56.811,77.043,36.119,38.901,40.958,94.603,33.603,41.198,210.89,49.816,134.55,9.4339,5.0027,10.748,1.9793,5.4026,1.4978,7.1587,18.596,1.6952,1.4545,3.6715,5.0007,1.4665,3.9468,10.806,10.468,3.903,3.8778,2.5196,1.813,15.506,54.846,48.224,37.6,60.004,28.648,42.217,550.75,26.185,123.49,21.972,51.89,11.377,20.102,7.3929,14.197,62.941,22.013,32.122,30.94,20.295,28.97,39.774,3.5037,4.195,1.6086,1.5991,7.1861,7.1348,8.2241,45.981,16.912,19.056,152.52,233.24,9.8127,201.1,4.1872,2.1279,2.7985,5.8916,5.7307,2.5912,0.93846,8.2151,180.08
267.25,97.607,85.647,45.847,89.695,164.74,47.077,4.0344,0.72062,2.0797,1.837,320.52,343.63,313.67,17.183,10.631,11.009,134.06,158.76,184.21,3.3371,1.9835,2.6617,1.5709,2.0112,15.46,127.51,155.68,214.17,74.373,137.08,156.29,55.903,116.77,52.08,111.21,5.038,0.99998,48.411,132.83,165.85,60.292,26.816,59.043,36.25,65.841,111.98,16.919,13.838,1.6374,2.4919,1.9304,46.22,13.233,3.625,1.8433,3.0686,2.7939,23.655,11.359,39.266,97.086,13.597,55.783,9.9434,15.951,44.989,69.984,178.56,106.24,102.77,78.37,101.6,80.098,79.631,42.052,336.55,311.37,124.85,13.993,72.151,172.95,264.02,222.26,335.63,183.59,22.829,28.297,12.038,76.108,101.74,93.389,52.723,92.276,20.875,1.1835,1.7663,1.9328,1.9611,1.5255,0.75903,1.3912,1.9289,17.57,53.423,357.52,345.11,253.12,45.898,91.857,57.106,40.341,146.33
120.67,103.55,84.513,92.283,88.027,88.821,31.376,23.965,68.082,59.568,20.935,1.2914,2.1283,1.8801,2.1326,1.5796,1.1895,40.202,64.04,29.134,77.975,62.312,34.42,24.379,29.011,27.228,38.909,23.902,41.116,48.184,70.711,40.334,60.973,47.703,62.565,60.984,53.098,47.084,45.161,58.542,32.181,51.076,24.27,2.6227,1.7002,4.3934,1.6782,1.2356,8.9539,1.0791,1.0951,1.0374,2.4904,0.92742,1.4266,1.0999,1.6282,3.5814,6.1956,14.148,2.9876,17.753,26.466,6.2414,6.2334,25.017,62.186,49.586,63.039,51.139,25.202,15.773,72.534,48.756,28.787,89.935,146.72,157.13,115.55,10.028,10.671,13.313,16.063,13.489,3.9513,8.8366,18.498,4.5362,4.6224,2.4554,1.9195,3.9079,3.0326,2.1309,27.656,4.3492,3.6789,1.6649,2.2071,1.816,29.172,6.1961,1.9224,1.4971,1.3122,8.1972,7.9653,12.154,8.0217,1.0511,1.3296,1.2513,8.0382
193.17,46.58,27.853,46.644,45.913,32.274,53.468,46.963,61.809,59.809,29.08,1.9821,2.2701,5.4761,5.3345,2.3529,55.572,43.914,45.493,41.855,36.777,34.88,33.522,38.752,58.519,36.11,40.726,43.281,43.33,40.813,20.085,28.087,21.926,41.765,52.18,67.363,131.07,57.969,47.592,135.5,26.512,31.495,5.2824,2.1028,1.5104,2.4337,5.0033,3.0826,14.191,2.0181,4.7138,0.89379,1.2616,1.4793,6.0717,4.7616,5.4431,5.8632,4.3425,3.7903,86.664,108.96,65.54,98.308,373.06,92.914,37.339,30.416,55.606,23.833,35.205,150.57,1.3332,1.2169,20.706,2.1918,11.74,169.64,73.883,20.131,136.73,51.847,80.804,31.881,3.5565,2.4114,73.719,0.79147,1.1525,1.225,3.2283,8.1746,1.6401,1.0473,2.9704,4.5309,3.8515,6.6713,6.1559,91.634,98.388,163.31,33.285,221.48,31.711,95.69,175.01,204,48.409,32.587,52.653,3.6962,58.387
